Time_s,Command_deg,Response_deg,Error_deg,ActuatorCommand,Disturbance_deg_s2
0,0,0,0,0,0
0.02,0,0,0,0,0
0.04,0,0,0,0,0
0.06,0,0,0,0,0
0.08,0,0,0,0,0
0.1,0,0,0,0,0
0.12,0,0,0,0,0
0.14,0,0,0,0,0
0.16,0,0,0,0,0
0.18,0,0,0,0,0
0.2,0,0,0,0,0
0.22,0,0,0,0,0
0.24,0,0,0,0,0
0.26,0,0,0,0,0
0.28,0,0,0,0,0
0.3,0,0,0,0,0
0.32,0,0,0,0,0
0.34,0,0,0,0,0
0.36,0,0,0,0,0
0.38,0,0,0,0,0
0.4,0,0,0,0,0
0.42,0,0,0,0,0
0.44,0,0,0,0,0
0.46,0,0,0,0,0
0.48,0,0,0,0,0
0.5,0,0,0,0,0
0.52,0,0,0,0,0
0.54,0,0,0,0,0
0.56,0,0,0,0,0
0.58,0,0,0,0,0
0.6,0,0,0,0,0
0.62,0,0,0,0,0
0.64,0,0,0,0,0
0.66,0,0,0,0,0
0.68,0,0,0,0,0
0.7,0,0,0,0,0
0.72,0,0,0,0,0
0.74,0,0,0,0,0
0.76,0,0,0,0,0
0.78,0,0,0,0,0
0.8,0,0,0,0,0
0.82,0,0,0,0,0
0.84,0,0,0,0,0
0.86,0,0,0,0,0
0.88,0,0,0,0,0
0.9,0,0,0,0,0
0.92,0,0,0,0,0
0.94,0,0,0,0,0
0.96,0,0,0,0,0
0.98,0,0,0,0,0
1,5,0,5,0,0
1.02,5,0,5,0.315482049556891,0
1.04,5,0,5,0.59805069295754,0
1.06,5,0.000100954255858205,5,0.851167126479304,0
1.08,5,0.000390861831322226,4.99997766899766,1.07792856463437,0
1.1,5,0.000946185105448488,4.99989615026687,1.28110510773479,0
1.12,5,0.00183311776167872,4.99970982634212,1.46317322375,0
1.14,5,0.00310871766863456,4.9993685283146,1.62634607217552,0
1.16,5,0.00482191860942345,4.99882056344297,1.77260090415355,0
1.18,5,0.00701443347072959,4.9980148492653,1.90370377197038,0
1.2,5,0.00972156026469351,4.99690237586238,2.02123177466076,0
1.22,5,0.0129729012226328,4.99543716637809,2.12659305654499,0
1.24,5,0.016793004165473,4.99357686601049,2.22104476342056,0
1.26,5,0.0212019344157795,4.99128305884792,2.30570914779111,0
1.28,5,0.0262157846643731,4.98852138811463,2.38158800064016,0
1.3,5,0.0318471294342937,4.98526153703617,2.44957557334385,0
1.32,5,0.038105430089941,4.98147711341021,2.51047013971263,0
1.34,5,0.0449973957133228,4.97714547012251,2.56498433508993,0
1.36,5,0.0525273046064515,4.97224748553907,2.61375439706584,0
1.38,5,0.0606972906733739,4.96676732135931,2.65734842077131,0
1.4,5,0.0695075984817513,4.96069217068443,2.69627373094691,0
1.42,5,0.0789568103973744,4.95401200539345,2.73098346303634,0
1.44,5,0.0890420488209255,4.94671932915745,2.76188243642746,0
1.46,5,0.0997591562304831,4.93880894035235,2.78933239462139,0
1.48,5,0.111102855441868,4.9302777075898,2.81365667951572,0
1.5,5,0.123066892238459,4.92112435945113,2.83514440009426,0
1.52,5,0.135644162289376,4.9113492891823,2.85405414957646,0
1.54,5,0.148826824067102,4.90095437451599,2.87061731944349,0
1.56,5,0.162606399290026,4.88994281237165,2.88504105367811,0
1.58,5,0.176973862249823,4.87831896790187,2.89751088198285,0
1.6,5,0.191919719235761,4.86608823717055,2.90819306663189,0
1.62,5,0.207434079136271,4.85325692263785,2.91723669392331,0
1.64,5,0.223506716180491,4.8398321205708,2.92477553789056,0
1.66,5,0.240127125677705,4.82582161948025,2.93092972096841,0
1.68,5,0.257284573519112,4.81123380869388,2.93580719365563,0
1.7,5,0.274968140123034,4.79607759620315,2.93950505284297,0
1.72,5,0.293166759430432,4.78036233496169,2.94211071635297,0
1.74,5,0.311869253491362,4.76409775686068,2.94370296934127,0
1.76,5,0.331064363124063,4.7472939136584,2.94435289651512,0
1.78,5,0.350740775075768,4.72996112419425,2.94412471261202,0
1.8,5,0.370887146067517,4.71210992727107,2.94307650223073,0
1.82,5,0.3914921240635,4.69375103964121,2.94126087890243,0
1.84,5,0.412544367068294,4.67489531858121,2.93872557221392,0
1.86,5,0.434032559722221,4.65555372858706,2.9355139508367,0
1.88,5,0.455945427935562,4.63573731176551,2.9316654884598,0
1.9,5,0.47827175177605,4.61545716153776,2.92721617886227,0
1.92,5,0.501000376800675,4.59472439930918,2.92219890568128,0
1.94,5,0.524120224001944,4.57355015379301,2.91664377182572,0
1.96,5,0.5476202985202,4.55194554270765,2.91057839294538,0
1.98,5,0.571489697257003,4.52992165659521,2.90402815888424,0
2,5,0.595717615509865,4.50748954453543,2.89701646661755,0
2.02,5,0.620293352735501,4.48466020155199,2.88956492779031,0
2.04,5,0.64520631753704,4.46144455752972,2.88169355363401,0
2.06,5,0.670446031960234,4.43785346748021,2.87342091973533,0
2.08,5,0.696002135174435,4.41389770301022,2.86476431286,0
2.1,5,0.72186438660581,4.3895879448632,2.85573986179427,0
2.12,5,0.748022668582948,4.36493477641739,2.84636265395207,0
2.14,5,0.774466988548408,4.33994867803706,2.83664683930465,0
2.16,5,0.801187480883962,4.31464002218399,2.82660572301935,0
2.18,5,0.82817440839204,4.28901906920656,2.81625184804252,0
2.2,5,0.855418163471291,4.26309596373261,2.80559706872672,0
2.22,5,0.882909269020013,4.23688073160013,2.79465261648155,0
2.24,5,0.910638379097558,4.21038327726708,2.78342915832104,0
2.26,5,0.938596279370516,4.18361338164782,2.77193684908434,0
2.28,5,0.966773887367586,4.15658070032946,2.76018537802203,0
2.3,5,0.995162252564434,4.12929476212632,2.74818401036431,0
2.32,5,1.02375255631752,4.10176496793546,2.73594162442003,0
2.34,5,1.05253611166386,4.07400058985988,2.72346674469556,0
2.36,5,1.08150436300169,4.0460107705701,2.71076757146873,0
2.38,5,1.11064888566572,4.01780452287748,2.69785200720574,0
2.4,5,1.13996138540868,3.98939072949591,2.6847276801663,0
2.42,5,1.16943369780012,3.96077814297096,2.6714019655046,0
2.44,5,1.19905778755182,3.93197538575757,2.65788200413997,0
2.46,5,1.22882574777843,3.90299095042986,2.6441747196411,0
2.48,5,1.25872979920094,3.87383320000807,2.63028683334119,0
2.5,5,1.28876228929958,3.84451036838933,2.61622487787728,0
2.52,5,1.31891569142253,3.81503056087055,2.60199520932623,0
2.54,5,1.34918260385545,3.7854017547528,2.58760401809062,0
2.56,5,1.37955574885697,3.75563180001782,2.5730573386713,0
2.58,5,1.41002797166423,3.72572842006822,2.55836105844812,0
2.6,5,1.4405922394725,3.69569921252395,2.54352092557741,0
2.62,5,1.47124164039207,3.66555165006827,2.52854255610243,0
2.64,5,1.50196938238576,3.63529308133736,2.51343144036293,0
2.66,5,1.53276879218955,3.60493073184811,2.4981929487802,0
2.68,5,1.56363331421897,3.57447170495954,2.48283233708579,0
2.7,5,1.59455650946329,3.54392298286335,2.46735475105455,0
2.72,5,1.62553205436961,3.51329142760003,2.45176523079603,0
2.74,5,1.65655373971852,3.48258378209704,2.43606871465234,0
2.76,5,1.68761546949291,3.45180667122605,2.42027004274525,0
2.78,5,1.71871125974141,3.42096660287651,2.40437396021083,0
2.8,5,1.74983523743761,3.39006996904317,2.38838512015531,0
2.82,5,1.78098163933638,3.35912304692539,2.3723080863627,0
2.84,5,1.81214481082803,3.32813200003626,2.35614733578087,0
2.86,5,1.84331920479151,3.29710287931984,2.33990726081019,0
2.88,5,1.87449938044732,3.26604162427492,2.32359217141592,0
2.9,5,1.90568000221085,3.23495406408401,2.30720629708357,0
2.92,5,1.93685583854691,3.2038459187461,2.29075378863392,0
2.94,5,1.96802176082596,3.17272280021241,2.27423871991285,0
2.96,5,1.99917274218269,3.14159021352376,2.25766508936945,0
2.98,5,2.03030385637722,3.11045355794894,2.24103682153416,0
3,5,2.06141027665969,3.0793181281231,2.22435776840778,0
3.02,5,2.09248727463826,3.04818911518554,2.20763171077058,0
3.04,5,2.12353021915124,3.01707160791617,2.19086235942012,0
3.06,5,2.15453457514336,2.98597059387013,2.17405335634508,0
3.08,5,2.18549590254668,2.95489096050993,2.15720827584193,0
3.1,5,2.21640985516635,2.92383749633474,2.14033062558022,0
3.12,5,2.24727217957142,2.89281489200639,2.12342384762191,0
3.14,5,2.27807871399095,2.86182774147156,2.10649131939927,0
3.16,5,2.30882538721565,2.83088054308,2.08953635465563,0
3.18,5,2.33950821750517,2.79997770069832,2.07256220435273,0
3.2,5,2.37012331150122,2.76912352481914,2.0555720575478,0
3.22,5,2.40066686314677,2.73832223366529,2.0385690422435,0
3.24,5,2.43113515261124,2.70757795428885,2.02155622621322,0
3.26,5,2.46152454522208,2.67689472366482,2.00453661780407,0
3.28,5,2.49183149040264,2.64627648977921,1.98751316671965,0
3.3,5,2.52205252061657,2.61572711271139,1.97048876478441,0
3.32,5,2.55218425031872,2.58525036571054,1.95346624669128,0
3.34,5,2.58222337491275,2.55484993626598,1.93644839073393,0
3.36,5,2.61216666971546,2.52452942717144,1.91943791952503,0
3.38,5,2.64201098892794,2.49429235758286,1.90243750070158,0
3.4,5,2.67175326461357,2.46414216406993,1.88544974761841,0
3.42,5,2.70139050568296,2.43408220166096,1.86847722003065,0
3.44,5,2.73091979688593,2.40411574488129,1.85152242476604,0
3.46,5,2.76033829781044,2.37424598878485,1.83458781638781,0
3.48,5,2.78964324188869,2.34447604997908,1.81767579784859,0
3.5,5,2.8188319354103,2.31480896764291,1.80078872113619,0
3.52,5,2.84790175654271,2.28524770453791,1.78392888791148,0
3.54,5,2.8768501543587,2.25579514801241,1.76709855013895,0
3.56,5,2.90567464787123,2.22645411099867,1.75029991071028,0
3.58,5,2.93437282507552,2.1972273330029,1.73353512406132,0
3.6,5,2.96294234199832,2.16811748108827,1.71680629678272,0
3.62,5,2.99138092175468,2.13912715085072,1.70011548822448,0
3.64,5,3.01968635361186,2.11025886738754,1.68346471109479,0
3.66,5,3.0478564920607,2.08151508625886,1.6668559320531,0
3.68,5,3.07588925589431,2.05289819444176,1.65029107229791,0
3.7,5,3.10378262729418,2.02441051127719,1.63377200814923,0
3.72,5,3.13153465092358,1.99605428940959,1.61730057162596,0
3.74,5,3.15914343302848,1.96783171571914,1.60087855101823,0
3.76,5,3.18660714054579,1.93974491224677,1.58450769145496,0
3.78,5,3.21392400021901,1.91179593711174,1.5681896954665,0
3.8,5,3.24109229772134,1.88398678542186,1.55192622354278,0
3.82,5,3.26811037678616,1.85631939017644,1.53571889468665,0
3.84,5,3.29497663834496,1.82879562316171,1.51956928696279,0
3.86,5,3.32168953967264,1.80141729583895,1.50347893804212,0
3.88,5,3.34824759354029,1.77418616022523,1.48744934574177,0
3.9,5,3.37464936737529,1.74710390976667,1.47148196856065,0
3.92,5,3.40089348242889,1.72017218020437,1.45557822621067,0
3.94,5,3.42697861295114,1.69339255043295,1.43973950014371,0
3.96,5,3.45290348537325,1.66676654335161,1.42396713407425,0
3.98,5,3.47866687749727,1.64029562670785,1.40826243449774,0
4,5,3.50426761769321,1.61398121393381,1.39262667120485,0
4.02,5,3.5297045841035,1.58782466497519,1.37706107779137,0
4.04,5,3.55497670385472,1.56182728711278,1.36156685216403,0
4.06,5,3.58008295227681,1.53599033577663,1.34614515704214,0
4.08,5,3.60502235212946,1.51031501535289,1.33079712045505,0
4.1,5,3.62979397283589,1.48480247998319,1.31552383623549,0
4.12,5,3.65439692972392,1.45945383435681,1.3003263645088,0
4.14,5,3.67883038327424,1.43427013449543,1.28520573217804,0
4.16,5,3.70309353837598,1.40925238853056,1.27016293340499,0
4.18,5,3.72718564358959,1.38440155747372,1.25519893008709,0
4.2,5,3.75110599041675,1.35971855597926,1.24031465233027,0
4.22,5,3.77485391257769,1.3352042531,1.22551099891774,0
4.24,5,3.79842878529552,1.31085947303549,1.2107888377747,0
4.26,5,3.82183002458777,1.28668499587318,1.196149006429,0
4.28,5,3.84505708656509,1.26268155832223,1.18159231246778,0
4.3,5,3.86810946673702,1.23884985444021,1.16711953399005,0
4.32,5,3.89098669932481,1.21519053635259,1.15273142005527,0
4.34,5,3.91368835658137,1.19170421496511,1.13842869112788,0
4.36,5,3.93621404811819,1.16839146066894,1.12421203951783,0
4.38,5,3.95856342023928,1.14525280403881,1.11008212981717,0
4.4,5,3.98073615528212,1.12228873652401,1.09603959933257,0
4.42,5,4.00273197096547,1.09949971113234,1.08208505851389,0
4.44,5,4.0245506197442,1.07688614310701,1.06821909137878,0
4.46,5,4.04619188817098,1.05444841059655,1.05444225593333,0
4.48,5,4.06765559626474,1.03218685531771,1.04075508458876,0
4.5,5,4.08894159688616,1.01010178321144,1.02715808457415,0
4.52,5,4.11004977511973,0.988193465091892,1.01365173834525,0
4.54,5,4.13098004766276,0.966462137288553,1.00023650398939,0
4.56,5,4.15173236222103,0.94490800228151,0.986912815626444,0
4.58,5,4.17230669691118,0.923531229329854,0.973681083805922,0
4.6,5,4.19270305966976,0.902331955093278,0.960541695900169,0
4.62,5,4.21292148766895,0.881310284246896,0.94749501649368,0
4.64,5,4.23296204673886,0.860466290089317,0.934541387768566,0
4.66,5,4.25282483079636,0.839800015143984,0.921681129886155,0
4.68,5,4.27250996128057,0.819311471753848,0.908914541364772,0
4.7,5,4.29201758659472,0.799000642669374,0.896241899453683,0
4.72,5,4.31134788155456,0.77886748162993,0.883663460503232,0
4.74,5,4.3305010468432,0.75891191393859,0.871179460331188,0
4.76,5,4.34947730847227,0.739133837030391,0.858790114585297,0
4.78,5,4.36827691724955,0.719533121034057,0.846495619102083,0
4.8,5,4.38690014825284,0.700109609327253,0.834296150261879,0
4.82,5,4.40534730031017,0.680863119085389,0.822191865340133,0
4.84,5,4.4236186954862,0.661793441824007,0.810182902854986,0
4.86,5,4.44171467857492,0.642900343934792,0.798269382911145,0
4.88,5,4.45963561659842,0.624183567215248,0.786451407540066,0
4.9,5,4.47738189831189,0.605642829392072,0.774729061036458,0
4.92,5,4.49495393371465,0.587277824638247,0.763102410291139,0
4.94,5,4.51235215356727,0.569088224083925,0.751571505120239,0
4.96,5,4.52957700891472,0.551073676321113,0.740136378590789,0
4.98,5,4.54662897061548,0.533233807902191,0.728797047342699,0
5,5,4.56350852887656,0.515568223832341,0.717553511907144,0
5.02,5,4.58021619279453,0.498076508055876,0.706405757021388,0
5.04,5,4.59675248990228,0.480758223936541,0.695353751940042,0
5.06,5,4.61311796572169,0.463612914731818,0.684397450742798,0
5.08,5,4.62931318332205,0.446640104061261,0.673536792638645,0
5.1,5,4.64533872288424,0.42983929636892,0.662771702266575,0
5.12,5,4.66119518127059,0.413209977379879,0.652102089992829,0
5.14,5,4.67688317160038,0.396751614550948,0.64152785220467,0
5.16,5,4.69240332283106,0.380463657515569,0.631048871600717,0
5.18,5,4.70775627934491,0.364345538522943,0.620665017477862,0
5.2,5,4.72294270054134,0.348396672871445,0.610376146014783,0
5.22,5,4.73796326043465,0.332616459336359,0.600182100552076,0
5.24,5,4.75281864725724,0.317004280591972,0.590082711869023,0
5.26,5,4.76750956306827,0.301559503628064,0.580077798457022,0
5.28,5,4.78203672336763,0.286281480160847,0.570167166789696,0
5.3,5,4.79640085671531,0.271169547038379,0.560350611589695,0
5.32,5,4.81060270435602,0.256223026640515,0.550627916092226,0
5.34,5,4.82464301984906,0.2414412272734,0.540998852305317,0
5.36,5,4.83852256870342,0.226823443558596,0.531463181266847,0
5.38,5,4.85224212801801,0.212368956816831,0.522020653298355,0
5.4,5,4.86580248612706,0.198077035446456,0.512671008255656,0
5.42,5,4.87920444225055,0.183946935296621,0.503413975776277,0
5.44,5,4.89244880614971,0.169977900035226,0.494249275523743,0
5.46,5,4.90553639778754,0.156169161511687,0.485176617428731,0
5.48,5,4.91846804699423,0.142519940114557,0.476195701927107,0
5.5,5,4.93124459313754,0.129029445124042,0.46730622019488,0
5.52,5,4.94386688479803,0.115696875059455,0.458507854380087,0
5.54,5,4.95633577944912,0.102521418021657,0.449800277831627,0
5.56,5,4.96865214314199,0.0895022520305089,0.441183155325079,0
5.58,5,4.98081685019514,0.0766385453573948,0.432656143285513,0
5.6,5,4.99283078288872,0.0639294568528506,0.424218890007318,0
5.62,5,5.0046948311635,0.0513741362693363,0.415871035871079,0
5.64,5,5.01640989232449,0.0389717245791976,0.407612213557515,0
5.66,5,5.0279768707491,0.0267213542878615,0.399442048258497,0
5.68,5,5.03939667759985,0.0146221497423014,0.391360157885186,0
5.7,5,5.05067023054163,0.00267322743481646,0.383366153273291,0
5.72,5,5.06179845346333,-0.00912630369783685,0.375459638385489,0
5.74,5,5.07278227620395,-0.02077734197991,0.367640210511009,0
5.76,5,5.08362263428309,-0.0322807927066915,0.359907460462425,0
5.78,5,5.09432046863569,-0.0436375678590624,0.352260972769663,0
5.8,5,5.10487672535117,-0.0548485858225218,0.34470032587125,0
5.82,5,5.11529235541677,-0.0659147711106529,0.337225092302828,0
5.84,5,5.12556831446507,-0.0768370540929908,0.32983483888296,0
5.86,5,5.13570556252575,-0.0876163707272379,0.322529126896238,0
5.88,5,5.14570506378141,-0.0982536622957975,0.315307512273727,0
5.9,5,5.15556778632755,-0.10874987514658,0.308169545770763,0
5.92,5,5.16529470193651,-0.119105960438044,0.301114773142132,0
5.94,5,5.1748867858255,-0.12932287388842,0.294142735314635,0
5.96,5,5.18434501642856,-0.139401575529106,0.287252968557095,0
5.98,5,5.19367037517244,-0.14934302946214,0.280445004647787,0
6,5,5.20286384625641,-0.159148203621782,0.273718371039352,0
6.02,5,5.21192641643586,-0.168818069540093,0.267072591021186,0
6.04,5,5.22085907480972,-0.178353602116522,0.260507183879351,0
6.06,5,5.22966281261175,-0.187755779391438,0.254021665054015,0
6.08,5,5.23833862300536,-0.197025582323571,0.247615546294443,0
6.1,5,5.24688750088235,-0.206163994571322,0.241288335811576,0
6.12,5,5.2553104426651,-0.215172002277908,0.235039538428203,0
6.14,5,5.26360844611253,-0.224050593860291,0.228868655726755,0
6.16,5,5.27178251012951,-0.232800759801862,0.222775186194751,0
6.18,5,5.27983363457992,-0.241423492448845,0.216758625367902,0
6.2,5,5.28776282010311,-0.249919785810356,0.210818465970909,0
6.22,5,5.29557106793385,-0.258290635362114,0.204954198055968,0
6.24,5,5.30325937972577,-0.266537037853741,0.199165309139014,0
6.26,5,5.31082875737806,-0.274659991119617,0.193451284333708,0
6.28,5,5.31828020286561,-0.282660493893258,0.187811606483216,0
6.3,5,5.32561471807246,-0.290539545625168,0.182245756289771,0
6.32,5,5.33283330462841,-0.298298146304144,0.176753212442064,0
6.34,5,5.33993696374904,-0.305937296281977,0.171333451740474,0
6.36,5,5.34692669607875,-0.313457996101524,0.165985949220161,0
6.38,5,5.3538035015371,-0.320861246328104,0.160710178272042,0
6.4,5,5.36056837916821,-0.328148047384196,0.155505610761676,0
6.42,5,5.36722232699321,-0.335319399387383,0.150371717146071,0
6.44,5,5.37376634186586,-0.342376301991521,0.14530796658845,0
6.46,5,5.38020141933105,-0.349319754231082,0.140313827070972,0
6.48,5,5.38652855348639,-0.356150754368647,0.135388765505456,0
6.5,5,5.39274873684666,-0.362870299745505,0.130532247842115,0
6.52,5,5.39886296021124,-0.36947938663533,0.125743739176314,0
6.54,5,5.40487221253439,-0.375979010100886,0.121022703853394,0
6.56,5,5.41077748079831,-0.382370163853736,0.116368605571563,0
6.58,5,5.41657974988914,-0.388653840116918,0.111780907482883,0
6.6,5,5.42228000247556,-0.394831029490551,0.107259072292375,0
6.62,5,5.42787921889031,-0.400902720820331,0.102802562355261,0
6.64,5,5.43337837701424,-0.406869901068887,0.0984108397723554,0
6.66,5,5.43877845216315,-0.412733555189969,0.0940833664836461,0
6.68,5,5.44408041697721,-0.418494666005421,0.0898196043600605,0
6.7,5,5.449285241313,-0.424154214084909,0.0856190152934569,0
6.72,5,5.45439389213814,-0.429713177628375,0.0814810612848495,0
6.74,5,5.45940733342836,-0.435172532351173,0.0774052045308925,0
6.76,5,5.46432652606723,-0.440533251371868,0.0733909075086405,0
6.78,5,5.46915242774822,-0.445796305102649,0.0694376330586062,0
6.8,5,5.47388599287927,-0.450962661142337,0.0655448444661347,0
6.82,5,5.47852817248974,-0.45603328417194,0.0617120055411133,0
6.84,5,5.4830799141398,-0.461009135852734,0.0579385806960373,0
6.86,5,5.48754216183203,-0.465891174726839,0.05422403502245,0
6.88,5,5.49191585592547,-0.470680356120239,0.0505678343657771,0
6.9,5,5.49620193305187,-0.475377632048244,0.0469694453985735,0
6.92,5,5.50040132603424,-0.479983951123332,0.0434283356922026,0
6.94,5,5.50451496380756,-0.484500258465363,0.0399439737869659,0
6.96,5,5.50854377134174,-0.488927495614113,0.0365158292607022,0
6.98,5,5.51248866956671,-0.493266600444118,0.0331433727958751,0
7,5,5.51635057529964,-0.497518507081782,0.0298260762451671,1.5
7.02,5,5.52013040117428,-0.501684145824719,0.0265634126955982,1.5
7.04,5,5.52442905557233,-0.505764443063307,0.0233548565311887,1.5
7.06,5,5.52923304255688,-0.509893040734578,0.0201998834941826,1.5
7.08,5,5.5345292074079,-0.514171033993069,0.0170895966189728,1.5
7.1,5,5.54030472826521,-0.518674246010526,0.0140096532699699,1.5
7.12,5,5.54654710529286,-0.523458891747049,0.0109424270677454,1.5
7.14,5,5.5532441483609,-0.528565986503662,0.00786858643072867,1.5
7.16,5,5.56038396397196,-0.534024776581719,0.004768229983547,1.5
7.18,5,5.56795494195602,-0.539855408191316,0.00162168690195996,1.5
7.2,5,5.57594574230205,-0.546071003056126,-0.00158993468674738,1.5
7.22,5,5.58434528237959,-0.55267927198327,-0.00488438745825913,1.5
7.24,5,5.59314272471617,-0.559683768686189,-0.00827806397050221,1.5
7.26,5,5.60232746543268,-0.567084863559269,-0.0117858778023092,1.5
7.28,5,5.61188912339152,-0.574880499496193,-0.0154212184147217,1.5
7.3,5,5.62181753007846,-0.583066778121446,-0.0191959582811545,1.5
7.32,5,5.63210272021502,-0.591638414109732,-0.0231204961292115,1.5
7.34,5,5.64273492308165,-0.600589086933781,-0.027203824204272,1.5
7.36,5,5.65370455452072,-0.609911712886491,-0.0314536105806903,1.5
7.38,5,5.66500220958151,-0.619598655163061,-0.0358762899262819,1.5
7.4,5,5.67661865576545,-0.629641885846195,-0.0404771579372555,1.5
7.42,5,5.6885448268282,-0.640033110566169,-0.0452604660339046,1.5
7.44,5,5.7007718170949,-0.650763864215192,-0.0502295139430745,1.5
7.46,5,5.71329087624608,-0.661825584232386,-0.055386738569815,1.5
7.48,5,5.72609340453316,-0.673209666524817,-0.0607337981382722,1.5
7.5,5,5.73917094838501,-0.684907507960519,-0.066271651007558,0
7.52,5,5.75251519636901,-0.696910538490267,-0.0720006288782631,0
7.54,5,5.76551797547308,-0.709210245270627,-0.0779205043273412,0
7.56,5,5.7781856476774,-0.721665471098436,-0.0840305527647973,0
7.58,5,5.79052436118744,-0.734167689898369,-0.0903212348856009,0
7.6,5,5.80254005579635,-0.746633741456214,-0.0967771751160655,0
7.62,5,5.81423847093948,-0.759000174409616,-0.10337937014828,0
7.64,5,5.82562515542315,-0.771218842346492,-0.110106809620323,0
7.66,5,5.83670547808075,-0.78325347619502,-0.11693764953055,0
7.68,5,5.8474846388155,-0.79507701715541,-0.123850046789701,0
7.7,5,5.85796767964476,-0.80666954202771,-0.130822738353001,0
7.72,5,5.86815949547914,-0.818016649898497,-0.137835429030267,0
7.74,5,5.87806484445723,-0.829108208075508,-0.144869037094538,0
7.76,5,5.88768835772256,-0.839937377706603,-0.151905835225684,0
7.78,5,5.89703454857764,-0.850499857093705,-0.15892951537676,0
7.8,5,5.90610782098493,-0.860793294409965,-0.165925199247997,0
7.82,5,5.91491247740953,-0.870816832203839,-0.172879410737299,0
7.84,5,5.92345272601618,-0.880570754393299,-0.179780022650234,0
7.86,5,5.93173268724483,-0.890056212936634,-0.186616186819217,0
7.88,5,5.93975639979674,-0.899275016417951,-0.193378254385331,0
7.9,5,5.94752782606763,-0.908229466721526,-0.200057691169508,0
7.92,5,5.95505085706661,-0.916922233035463,-0.206646991672601,0
7.94,5,5.96232931686045,-0.925356254813719,-0.213139594195285,0
7.96,5,5.96936696658189,-0.933534667185908,-0.219529798780581,0
7.98,5,5.97616750803988,-0.941460743753051,-0.225812689093424,0
8,5,5.98273458696727,-0.949137852835424,-0.231984058916347,0
8.02,5,5.98907179593989,-0.956569424116746,-0.238040343621599,0
8.04,5,5.99518267699831,-0.963758923312347,-0.243978556750052,0
8.06,5,6.00107072400138,-0.97070983302064,-0.249796231664396,0
8.08,5,6.0067393847382,-0.977425638330834,-0.255491368131808,0
8.1,5,6.01219206282322,-0.983909816081387,-0.261062383616816,0
8.12,5,6.01743211939639,-0.990165826913661,-0.266508069018615,0
8.14,5,6.02246287464904,-0.996197109459387,-0.271827548561257,0
8.16,5,6.02728760919355,-1.00200707615137,-0.277020243534211,0
8.18,5,6.03190956529345,-1.00759911026384,-0.282085839580513,0
8.2,5,6.03633194796902,-1.01297656387957,-0.287024257236784,0
8.22,5,6.04055792599171,-1.01814275655122,-0.291835625441489,0
8.24,5,6.04459063277954,-1.02310097447878,-0.296520257742977,0
8.26,5,6.04843316720432,-1.02785447006697,-0.301078630955883,0
8.28,5,6.05208859432043,-1.03240646175916,-0.305511366032371,0
8.3,5,6.05555994602385,-1.0367601340692,-0.309819210932703,0
8.32,5,6.05885022164925,-1.04091863775198,-0.314003025297374,0
8.34,5,6.06196238851215,-1.04488509006834,-0.31806376674012,0
8.36,5,6.06489938240224,-1.04866257511137,-0.322002478597297,0
8.38,5,6.06766410803361,-1.05225414416953,-0.325820278984372,0
8.4,5,6.07025943945668,-1.05566281610916,-0.32951835102441,0
8.42,5,6.07268822043632,-1.05889157776344,-0.333097934126547,0
8.44,5,6.07495326480012,-1.06194338431892,-0.336560316204465,0
8.46,5,6.07705735676027,-1.0648211596937,-0.339906826735884,0
8.48,5,6.07900325121219,-1.06752779690301,-0.34313883057411,0
8.5,5,6.08079367401271,-1.0700661584101,-0.346257722431802,0
8.52,5,6.08243132224023,-1.07243907646099,-0.349264921965332,0
8.54,5,6.08391886443911,-1.07464935340271,-0.352161869395602,0
8.56,5,6.08525894085019,-1.07669976198528,-0.354950021607862,0
8.58,5,6.0864541636292,-1.07859304564775,-0.357630848679162,0
8.6,5,6.0875071170546,-1.08033191878943,-0.360205830787464,0
8.62,5,6.08842035772621,-1.08191906702699,-0.362676455461379,0
8.64,5,6.08919641475585,-1.08335714743868,-0.3650442151338,0
8.66,5,6.08983778995103,-1.08464878879668,-0.367310604966711,0
8.68,5,6.09034695799269,-1.08579659178866,-0.36947712091789,0
8.7,5,6.09072636660775,-1.08680312922973,-0.371545258023414,0
8.72,5,6.09097843673736,-1.08767094626558,-0.373516508872669,0
8.74,5,6.0911055627013,-1.08840256056793,-0.375392362255087,0
8.76,5,6.09111011235925,-1.08900046252319,-0.377174301960067,0
8.78,5,6.0909944272695,-1.08946711541492,-0.378863805713557,0
8.8,5,6.09076082284527,-1.08980495560116,-0.380462344236542,0
8.82,5,6.0904115885094,-1.09001639268704,-0.38197138041231,0
8.84,5,6.08994898784743,-1.09010380969348,-0.383392368550758,0
8.86,5,6.08937525875962,-1.09006956322237,-0.38472675373931,0
8.88,5,6.08869261361197,-1.0899159836189,-0.385975971271106,0
8.9,5,6.08790323938668,-1.08964537513135,-0.387141446142191,0
8.92,5,6.08700929783198,-1.08926001606885,-0.388224592610267,0
8.94,5,6.08601292561183,-1.08876215895733,-0.389226813808439,0
8.96,5,6.08491623445533,-1.08815403069415,-0.390149501408051,0
8.98,5,6.08372131130617,-1.08743783270155,-0.390994035325379,0
9,-2,6.08243021847214,-8.08661574107919,-0.391761783467509,0
9.02,-2,6.08104499377482,-8.08568990675608,-0.83412897089286,0
9.04,-2,6.07956765069952,-8.08466245564192,-1.23034330286569,0
9.06,-2,6.07785884258735,-8.08353548877826,-1.58525178486097,0
9.08,-2,6.07579733601295,-8.08227981908605,-1.90319183517164,0
9.1,-2,6.07327802502518,-8.08084589890653,-2.18804289938723,0
9.12,-2,6.07021015611387,-8.07917189113016,-2.44327332490207,0
9.14,-2,6.06651574232862,-8.07718956236224,-2.67198281425688,0
9.16,-2,6.06212814701025,-8.07482852172916,-2.8769407852494,0
9.18,-2,6.05699081947895,-8.07201920878664,-3.06062096418671,0
9.2,-2,6.05105616675713,-8.06869494084008,-3.22523252970029,0
9.22,-2,6.0442845469921,-8.06479325782535,-3.37274811067854,0
9.24,-2,6.03664337169191,-8.06025674704882,-3.50492892492595,0
9.26,-2,6.02810630520352,-8.05503348691083,-3.62334732648392,0
9.28,-2,6.01865255105487,-8.04907721540308,-3.72940701012264,0
9.3,-2,6.00826621586132,-8.04234730347394,-3.82436110203516,0
9.32,-2,5.99693574246917,-8.03480859358195,-3.90932834671862,0
9.34,-2,5.98465340488578,-8.02643114857295,-3.98530758174165,0
9.36,-2,5.97141485833344,-8.01718994438431,-4.05319067477792,0
9.38,-2,5.9572187384722,-8.00706453119501,-4.11377408105775,0
9.4,-2,5.9420663044717,-7.99603868087754,-4.16776916430825,0
9.42,-2,5.92596112118128,-7.9841000334808,-4.21581141033242,0
9.44,-2,5.90890877615724,-7.97123975160706,-4.25846864959821,0
9.46,-2,5.89091662776248,-7.95745218864717,-4.29624839353039,0
9.48,-2,5.87199358096132,-7.94273457468157,-4.32960437856494,0
9.5,-2,5.85214988779746,-7.9270867222659,-4.35894240237553,0
9.52,-2,5.83139696986839,-7.91051075316237,-4.38462552794574,0
9.54,-2,5.80974726040086,-7.89301084624949,-4.40697872327111,0
9.56,-2,5.7872140637916,-7.8745930062611,-4.42629299736227,0
9.58,-2,5.76381143070952,-7.8552648526108,-4.44282908681967,0
9.6,-2,5.73955404706226,-7.8350354273008,-4.45682074149714,0
9.62,-2,5.71445713531475,-7.81391502076077,-4.46847765260744,0
9.64,-2,5.68853636681189,-7.79191501438274,-4.47798806199217,0
9.66,-2,5.66180778390428,-7.76904773849293,-4.48552108712911,0
9.68,-2,5.6342877308066,-7.74532634451446,-4.49122879273622,0
9.7,-2,5.60599279223539,-7.72076469011345,-4.49524803650806,0
9.72,-2,5.57693973897622,-7.69537723617741,-4.49770211354973,0
9.74,-2,5.54714547962358,-7.66917895454153,-4.49870222141771,0
9.76,-2,5.51662701781907,-7.6421852454506,-4.49834876530572,0
9.78,-2,5.48540141438701,-7.61441186381956,-4.49673252079529,0
9.8,-2,5.45348575383243,-7.58587485342948,-4.49393566970047,0
9.82,-2,5.4208971147245,-7.55659048826873,-4.49003272284916,0
9.84,-2,5.38765254354085,-7.52657522029835,-4.48509134213807,0
9.86,-2,5.35376903159431,-7.49584563298596,-4.47917307285613,0
9.88,-2,5.31926349470499,-7.46441840001425,-4.4723339960738,0
9.9,-2,5.28415275531771,-7.4323102486265,-4.46462530982819,0
9.92,-2,5.24845352679697,-7.39953792712449,-4.45609384688245,0
9.94,-2,5.21218239966159,-7.36611817608192,-4.44678253598911,0
9.96,-2,5.17535582954646,-7.33206770288045,-4.43673081283159,0
9.98,-2,5.13799012670257,-7.29740315921555,-4.42597498614362,0
10,-2,5.10010144686683,-7.26214112125547,-4.41454856390631,0
10.02,-2,5.06170578335158,-7.22629807216934,-4.40248254398726,0
10.04,-2,5.02281896022025,-7.18989038677037,-4.38980567310946,0
10.06,-2,4.98345662642999,-7.15293431804634,-4.37654467761306,0
10.08,-2,4.94363425083531,-7.11544598537393,-4.3627244690944,0
10.1,-2,4.90336711795806,-7.07744136423485,-4.34836832766998,0
10.12,-2,4.86267032443976,-7.03893627727099,-4.33349806531224,0
10.14,-2,4.82155877610103,-6.99994638653354,-4.31813417143698,0
10.16,-2,4.78004718554154,-6.96048718679611,-4.30229594268357,0
10.18,-2,4.73815007022062,-6.920573999816,-4.28600159861704,0
10.2,-2,4.69588175096574,-6.88022196944047,-4.26926838489199,0
10.22,-2,4.65325635086142,-6.83944605746541,-4.25211266524974,0
10.24,-2,4.61028779447644,-6.79826104016444,-4.23455000357052,0
10.26,-2,4.56698980739181,-6.75668150541473,-4.21659523706822,0
10.28,-2,4.52337591599608,-6.7147218503542,-4.19826254159698,0
10.3,-2,4.47945944751799,-6.67239627951172,-4.17956548993227,0
10.32,-2,4.43525353027005,-6.62971880335802,-4.16051710379517,0
10.34,-2,4.39077109407928,-6.58670323723115,-4.14112990030407,0
10.36,-2,4.34602487088389,-6.54336320059482,-4.12141593346358,0
10.38,-2,4.30102739547708,-6.49971211659277,-4.10138683123335,0
10.4,-2,4.25579100638133,-6.4557632118663,-4.08105382866022,0
10.42,-2,4.21032784683788,-6.41152951660554,-4.06042779750447,0
10.44,-2,4.1646498658983,-6.36702386480821,-4.03951927274332,0
10.46,-2,4.11876881960608,-6.32225889472263,-4.01833847629339,0
10.48,-2,4.07269627225758,-6.2772470494541,-3.99689533825611,0
10.5,-2,4.02644359773304,-6.2320005777161,-3.97519951595686,0
10.52,-2,3.98002198088884,-6.18653153470964,-3.95326041101917,0
10.54,-2,3.93344241900381,-6.14085178311621,-3.93108718468858,0
10.56,-2,3.88671572327248,-6.09497299419088,-3.90868877159753,0
10.58,-2,3.8398525203396,-6.04890664894405,-3.88607389214156,0
10.6,-2,3.7928632538702,-6.00266403940105,-3.86325106361856,0
10.62,-2,3.74575818615059,-5.95625626993063,-3.84022861026604,0
10.64,-2,3.69854739971588,-5.90969425863351,-3.81701467231675,0
10.66,-2,3.65124079900033,-5.862988738784,-3.79361721417983,0
10.68,-2,3.6038481120068,-5.81615026031761,-3.77004403184268,0
10.7,-2,3.55637889199259,-5.769189191359,-3.74630275957866,0
10.72,-2,3.50884251916852,-5.72211571978481,-3.72240087603617,0
10.74,-2,3.46124820240917,-5.67493985481663,-3.69834570977643,0
10.76,-2,3.41360498097171,-5.62767142863992,-3.67414444431994,0
10.78,-2,3.36592172622162,-5.58032009804503,-3.64980412275498,0
10.8,-2,3.31820714336335,-5.53289534608693,-3.62533165195577,0
10.82,-2,3.27046977317439,-5.48540648376066,-3.60073380645251,0
10.84,-2,3.22271799374135,-5.43786265168977,-3.576017231991,0
10.86,-2,3.17496002219663,-5.39027282182521,-3.55118844881545,0
10.88,-2,3.12720391645476,-5.34264579915267,-3.52625385470433,0
10.9,-2,3.07945757694706,-5.29499022340626,-3.50121972778574,0
10.92,-2,3.03172874835404,-5.24731457078694,-3.47609222915613,0
10.94,-2,2.98402502133437,-5.19962715568388,-3.45087740532337,0
10.96,-2,2.93635383424984,-5.15193613239764,-3.4255811904929,0
10.98,-2,2.88872247488563,-5.10424949686367,-3.40020940871364,0
11,-2,2.8411380821652,-5.05657508837518,-3.37476777589869,0
11.02,-2,2.79360764785928,-5.00892059130409,-3.34926190173376,0
11.04,-2,2.74613801828842,-4.96129353681951,-3.32369729148538,0
11.06,-2,2.69873589601869,-4.91370130460256,-3.29807934771917,0
11.08,-2,2.65140784155017,-4.86615112455707,-3.27241337193757,0
11.1,-2,2.60416027499762,-4.81865007851527,-3.24670456614537,0
11.12,-2,2.55699947776331,-4.771205101938,-3.22095803435026,0
11.14,-2,2.50993159420146,-4.72382298560886,-3.19517878400517,0
11.16,-2,2.4629626332741,-4.67651037732177,-3.16937172739808,0
11.18,-2,2.41609847019811,-4.62927378356156,-3.14354168299455,0
11.2,-2,2.36934484808319,-4.58211957117706,-3.1176933767376,0
11.22,-2,2.32270737956046,-4.53505396904649,-3.09183144330903,0
11.24,-2,2.27619154840172,-4.48808306973472,-3.06596042735583,0
11.26,-2,2.22980271112893,-4.44121283114205,-3.04008478468492,0
11.28,-2,2.18354609861394,-4.39444907814437,-3.01420888342917,0
11.3,-2,2.13742681766821,-4.34779750422434,-2.98833700518713,0
11.32,-2,2.09144985262247,-4.30126367309339,-2.96247334613889,0
11.34,-2,2.04562006689617,-4.25485302030442,-2.93662201814001,0
11.36,-2,1.99994220455654,-4.20857085485486,-2.91078704979533,0
11.38,-2,1.95442089186727,-4.16242236078001,-2.8849723875143,0
11.4,-2,1.90906063882659,-4.11641259873651,-2.85918189654917,0
11.42,-2,1.86386584069488,-4.07054650757582,-2.83341936201739,0
11.44,-2,1.81884077951145,-4.02482890590748,-2.80768848990924,0
11.46,-2,1.77398962560057,-3.97926449365209,-2.78199290808175,0
11.48,-2,1.72931643906677,-3.93385785358397,-2.75633616723978,0
11.5,-2,1.68482517127921,-3.8886134528633,-2.73072174190499,0
11.52,-2,1.64051966634503,-3.84353564455767,-2.70515303137347,0
11.54,-2,1.59640366257186,-3.79862866915305,-2.67963336066254,0
11.56,-2,1.5524807939192,-3.75389665605391,-2.65416598144735,0
11.58,-2,1.5087545914388,-3.70934362507271,-2.62875407298771,0
11.6,-2,1.46522848470386,-3.66497348790843,-2.60340074304564,0
11.62,-2,1.42190580322721,-3.62079004961418,-2.57810902879386,0
11.64,-2,1.37878977786822,-3.57679701005395,-2.55288189771574,0
11.66,-2,1.33588354222864,-3.53299796534827,-2.52772224849692,0
11.68,-2,1.29319013403713,-3.48939640930887,-2.50263291190878,0
11.7,-2,1.25071249652271,-3.44599573486229,-2.47761665168416,0
11.72,-2,1.20845347977681,-3.40279923546229,-2.45267616538534,0
11.74,-2,1.16641584210428,-3.35981010649127,-2.42781408526468,0
11.76,-2,1.12460225136297,-3.31703144665038,-2.40303297911781,0
11.78,-2,1.08301528629216,-3.27446625933861,-2.37833535112974,0
11.8,-2,1.04165743782974,-3.23211745402052,-2.35372364271393,0
11.82,-2,1.00053111041805,-3.18998784758291,-2.32920023334433,0
11.84,-2,0.959638623298573,-3.14808016568019,-2.30476744138068,0
11.86,-2,0.918982211795294,-3.10639704406856,-2.280427524887,0
11.88,-2,0.878564028586856,-3.06494102992892,-2.25618268244336,0
11.9,-2,0.83838614496745,-3.02371458317855,-2.23203505395107,0
11.92,-2,0.79845055209653,-2.98272007777165,-2.2079867214313,0
11.94,-2,0.758759162237249,-2.94195980298851,-2.18403970981719,0
11.96,-2,0.719313809983736,-2.90143596471352,-2.16019598773942,0
11.98,-2,0.680116253477159,-2.86115068670194,-2.13645746830544,0
12,-2,0.641168175610666,-2.82110601183551,-2.11282600987228,0
12.02,-2,0.602471185223112,-2.78130390336675,-2.08930341681294,0
12.04,-2,0.564026818281703,-2.74174624615217,-2.06589144027651,0
12.06,-2,0.525836539053504,-2.70243484787422,-2.04259177894194,0
12.08,-2,0.48790174126589,-2.66337144025216,-2.01940607976556,0
12.1,-2,0.450223749255921,-2.6245576802417,-1.99633593872228,0
12.12,-2,0.412803819108666,-2.58599515122356,-1.97338290154059,0
12.14,-2,0.375643139784555,-2.54768536418093,-1.95054846443133,0
12.16,-2,0.338742834235728,-2.5096297588658,-1.92783407481018,0
12.18,-2,0.302103960511456,-2.47182970495429,-1.90524113201407,0
12.2,-2,0.26572751285263,-2.43428650319091,-1.88277098801129,0
12.22,-2,0.229614422775369,-2.39700138652181,-1.86042494810552,0
12.24,-2,0.193765560143794,-2.35997552121704,-1.83820427163366,0
12.26,-2,0.158181734231987,-2.32321000798191,-1.81611017265754,0
12.28,-2,0.122863694775141,-2.28670588305735,-1.79414382064948,0
12.3,-2,0.0878121330100084,-2.25046411930945,-1.77230634117181,0
12.32,-2,0.0530276827046312,-2.21448562730814,-1.75059881655016,0
12.34,-2,0.0185109211774081,-2.17877125639494,-1.72902228654083,0
12.36,-2,-0.0157376296944577,-2.14332179574011,-1.70757774899192,0
12.38,-2,-0.0497175024770888,-2.10813797538887,-1.68626616049855,0
12.4,-2,-0.0834282831926171,-2.07322046729703,-1.66508843705195,0
12.42,-2,-0.116869610342335,-2.03856988635588,-1.64404545468254,0
12.44,-2,-0.150041173940314,-2.00418679140646,-1.62313805009699,0
12.46,-2,-0.182942714557439,-1.97007168624326,-1.60236702130933,0
12.48,-2,-0.215574022375785,-1.93622502060735,-1.58173312826601,0
12.5,-2,-0.247934936253309,-1.90264719116897,-1.56123709346504,0
12.52,-2,-0.280025342798818,-1.86933854249972,-1.54087960256914,0
12.54,-2,-0.311845175457141,-1.83629936803427,-1.52066130501301,0
12.56,-2,-0.343394413604488,-1.80352991102173,-1.50058281460464,0
12.58,-2,-0.374673081653907,-1.77103036546664,-1.48064471012075,0
12.6,-2,-0.40568124817081,-1.73880087705978,-1.46084753589634,0
12.62,-2,-0.436419024998546,-1.70684154409859,-1.44119180240834,0
12.64,-2,-0.466886566393903,-1.67515241839756,-1.42167798685352,0
12.66,-2,-0.497084068172542,-1.64373350618836,-1.40230653372047,0
12.68,-2,-0.527011766864287,-1.61258476900994,-1.38307785535585,0
12.7,-2,-0.556669938878218,-1.58170612458862,-1.36399233252482,0
12.72,-2,-0.586058899677532,-1.55109744770809,-1.34505031496574,0
12.74,-2,-0.615179002964072,-1.5207585710696,-1.32625212193912,0
12.76,-2,-0.644030639872522,-1.49068928614218,-1.30759804277085,0
12.78,-2,-0.672614238174189,-1.46088934400305,-1.28908833738974,0
12.8,-2,-0.700930261490303,-1.43135845616828,-1.2707232368594,0
12.82,-2,-0.728979208514795,-1.40209629541372,-1.25250294390446,0
12.84,-2,-0.756761612246495,-1.37310249658621,-1.23442763343122,0
12.86,-2,-0.784278039230683,-1.34437665740528,-1.21649745304258,0
12.88,-2,-0.811529088809945,-1.31591833925523,-1.19871252354757,0
12.9,-2,-0.838515392384282,-1.28772706796765,-1.18107293946514,0
12.92,-2,-0.865237612680372,-1.25980233459466,-1.16357876952264,0
12.94,-2,-0.891696443029983,-1.23214359617263,-1.14623005714859,0
12.96,-2,-0.91789260665745,-1.2047502764766,-1.12902682096018,0
12.98,-2,-0.943826855976145,-1.17762176676549,-1.11196905524515,0
13,-2,-0.969499971893899,-1.15075742651798,-1.09505673043839,-1
13.02,-2,-0.994912763127306,-1.1241565841594,-1.07828979359307,-1
13.04,-2,-1.02046606552485,-1.09781853777939,-1.06166816884647,-1
13.06,-2,-1.0461511413988,-1.07165407615378,-1.04519175788042,-1
13.08,-2,-1.07195950926581,-1.04559565428104,-1.02885485762588,-1
13.1,-2,-1.09788293766654,-1.01959254415857,-1.01264811203252,-1
13.12,-2,-1.12391343734008,-0.993607059570544,-0.996559953759383,-1
13.14,-2,-1.15004325241731,-0.967611617680854,-0.980577656938392,-1
13.16,-2,-1.1762648511179,-0.941586452547303,-0.964688094511275,-1
13.18,-2,-1.20257091629988,-0.915517836462547,-0.948878272186623,-1
13.2,-2,-1.22895433610774,-0.889396696823426,-0.933135694429684,-1
13.22,-2,-1.25540819488732,-0.863217541016361,-0.91744860501132,-1
13.24,-2,-1.2819257644784,-0.836977621126887,-0.901806134669577,-1
13.26,-2,-1.3085004959529,-0.810676285340838,-0.886198380727472,-1
13.28,-2,-1.33512601183511,-0.784314474642593,-0.870616437558163,-1
13.3,-2,-1.36179609881797,-0.757894332564155,-0.85505239220008,-1
13.32,-2,-1.38850470097327,-0.731418902868583,-0.83949929589348,-1
13.34,-2,-1.41524591344234,-0.704891895607511,-0.82395111959838,-1
13.36,-2,-1.44201397658684,-0.678317506322167,-0.808402699476657,-1
13.38,-2,-1.46880327057414,-0.65170027653084,-0.792849676734557,-1
13.4,-2,-1.49560831036958,-0.6250449862741,-0.777288435014189,-1
13.42,-2,-1.52242374110649,-0.598356571536662,-0.76171603760716,0
13.44,-2,-1.54924433380492,-0.571640060959606,-0.746130166073024,0
13.46,-2,-1.57566498141061,-0.544900527498806,-0.730529061327616,0
13.48,-2,-1.60169029512691,-0.518231531339445,-0.714911467881278,0
13.5,-2,-1.62732477061365,-0.49170491723244,-0.699282164373745,0
13.52,-2,-1.65257279035843,-0.465375643489629,-0.683649963774466,0
13.54,-2,-1.67743862792193,-0.439285542284487,-0.668026227433669,0
13.56,-2,-1.70192645337231,-0.413466247238188,-0.652423771770415,0
13.58,-2,-1.72604033940467,-0.387941472223867,-0.636856073964088,0
13.6,-2,-1.74978426777922,-0.362728784747531,-0.62133670442402,0
13.62,-2,-1.77316213581644,-0.337840985634368,-0.605878930418549,0
13.64,-2,-1.79617776276619,-0.313287182092819,-0.590495448116794,0
13.66,-2,-1.81883489592688,-0.289073622008875,-0.575198210264953,0
13.68,-2,-1.8411372164351,-0.265204342341562,-0.559998324431046,0
13.7,-2,-1.86308834467842,-0.241681672813199,-0.54490600271139,0
13.72,-2,-1.88469184530771,-0.218506626986458,-0.52993054839077,0
13.74,-2,-1.90595123184277,-0.195679205726758,-0.515080368591234,0
13.76,-2,-1.92686997087647,-0.173198632520268,-0.500363004668914,0
13.78,-2,-1.94745148589132,-0.151063535809771,-0.485785174208756,0
13.8,-2,-1.9676991607073,-0.129272090153787,-0.471352820066941,0
13.82,-2,-1.98761634258344,-0.107822125398729,-0.4570711631313,0
13.84,-2,-2.00720634499698,-0.0867112110162087,-0.442944756397923,0
13.86,-2,-2.02647245012479,-0.0659367211702448,-0.428977538664287,0
13.88,-2,-2.04541791105158,-0.0454958848427645,-0.415172886667798,0
13.9,-2,-2.06404595372851,-0.0253858243829284,-0.401533664893871,0
13.92,-2,-2.08235977870492,-0.00560358509614511,-0.388062272570859,0
13.94,-2,-2.10036256265466,0.0138538420950556,-0.374760687584312,0
13.96,-2,-2.11805745971684,0.0329895033403353,-0.361630507198943,0
13.98,-2,-2.13544760266954,0.0518064686765332,-0.348672985587643,0
14,-2,-2.15253610395369,0.0703078220188069,-0.335889068243885,0
14.02,-2,-2.1693260565624,0.0884966535921863,-0.323279423405565,0
14.04,-2,-2.18582053481034,0.106376054234002,-0.310844470651112,0
14.06,-2,-2.20202259499583,0.123949111126789,-0.298584406847555,0
14.08,-2,-2.21793527596747,0.141218904621509,-0.286499229639106,0
14.1,-2,-2.23356159960598,0.158188505888838,-0.274588758666287,0
14.12,-2,-2.24890457123065,0.174860975196556,-0.262852654702193,0
14.14,-2,-2.2639671799391,0.191239360657875,-0.251290436885549,0
14.16,-2,-2.27875239888806,0.207326697331807,-0.239901498221084,0
14.18,-2,-2.29326318552204,0.223126006584625,-0.228685119507263,0
14.2,-2,-2.30750248175624,0.23864029564316,-0.217640481840358,0
14.22,-2,-2.32147321411906,0.253872557287364,-0.206766677832476,0
14.24,-2,-2.33517829385936,0.268825769642394,-0.196062721670046,0
14.26,-2,-2.3486206170228,0.283502896040422,-0.185527558128419,0
14.28,-2,-2.36180306450125,0.297906884929898,-0.175160070647973,0
14.3,-2,-2.37472850205882,0.31204066981581,-0.164959088567445,0
14.32,-2,-2.38739978033762,0.325907169218915,-0.154923393601135,0
14.34,-2,-2.39981973484606,0.339509286645266,-0.145051725638342,0
14.36,-2,-2.41199118593226,0.352849910559895,-0.135342787935617,0
14.38,-2,-2.42391693874459,0.365931914360418,-0.125795251765461,0
14.4,-2,-2.43559978318156,0.378758156347781,-0.116407760578609,0
14.42,-2,-2.44704249383262,0.391331479692363,-0.107178933731251,0
14.44,-2,-2.45824782991143,0.403654712394484,-0.0981073698232239,0
14.46,-2,-2.46921853518314,0.415730667238923,-0.0891916496884424,0
14.48,-2,-2.47995733788668,0.427562141743364,-0.0804303390745271,0
14.5,-2,-2.49046695065323,0.439151918101086,-0.0718219910446905,0
14.52,-2,-2.50075007042189,0.450502763118286,-0.0633651481314581,0
14.54,-2,-2.51080937835324,0.461617428146614,-0.0550583442686648,0
14.56,-2,-2.52064753974163,0.472498649011509,-0.0469001065253429,0
14.58,-2,-2.53026720392687,0.483149145936993,-0.038888956662614,0
14.6,-2,-2.53967100420575,0.493571623467551,-0.0310234125324154,0
14.62,-2,-2.54886155774408,0.503768770387734,-0.0233019893348814,0
14.64,-2,-2.55784146548949,0.513743259640085,-0.0157232007494006,0
14.66,-2,-2.5666133120856,0.523497748241928,-0.00828555995273465,0
14.68,-2,-2.57517966578764,0.533034877201583,-0.000987580536154759,0
14.7,-2,-2.58354307838002,0.542357271434438,0.00617222266774395,0
14.72,-2,-2.59170608509595,0.551467539679372,0.0131953328390425,0
14.74,-2,-2.59967120453945,0.560368274415865,0.0200832304968223,0
14.76,-2,-2.60744093860979,0.5690620517822,0.0268373928902566,0
14.78,-2,-2.61501777242869,0.577551431495054,0.0334592934477217,0
14.8,-2,-2.6224041742702,0.585838956770754,0.0399504012779022,0
14.82,-2,-2.62960259549362,0.593927154248456,0.0463121807175313,0
14.84,-2,-2.63661547047927,0.601818533915468,0.0525460909209753,0
14.86,-2,-2.64344521656743,0.609515589034896,0.0586535854873951,0
14.88,-2,-2.65009423400039,0.617020796075771,0.0646361121216731,0
14.9,-2,-2.65656490586759,0.624336614645833,0.0704951123257132,0
14.92,-2,-2.6628595980541,0.631465487427032,0.0762320211170736,0
14.94,-2,-2.6689806591922,0.63840984011391,0.081848266772236,0
14.96,-2,-2.67493042061622,0.645172081354893,0.0873452705920966,0
14.98,-2,-2.68071119632069,0.651754602696593,0.0927244466875167,0
15,3,-2.68632528292168,5.65815977853116,0.0979872017830168,0
15.02,3,-2.69177495962129,5.66438996604674,0.418616984593783,0
15.04,3,-2.69706248817555,5.67044750518103,0.706219730833733,0
15.06,3,-2.70208915860943,5.67633471857798,0.964258020324653,0
15.08,3,-2.70676919863903,5.68203158054538,1.19583044310121,0
15.1,3,-2.71102835514142,5.68750352229637,1.40370846684802,0
15.12,3,-2.71480262614596,5.69270719690007,1.59036991863951,0
15.14,3,-2.718037127937,5.69759468854696,1.75802930870004,0
15.16,3,-2.72068508331109,5.70211654013215,1.90866523042471,0
15.18,3,-2.72270691837742,5.70622388734284,2.04404506978468,0
15.2,3,-2.72406945652842,5.7098699209003,2.16574725084671,0
15.22,3,-2.72474519934146,5.71301084706199,2.27518123423219,0
15.24,3,-2.72471168520672,5.71560647659737,2.37360547323662,0
15.26,3,-2.72395091741626,5.71762054161173,2.46214351899232,0
15.28,3,-2.72244885430134,5.71902081578256,2.54179845218111,0
15.3,3,-2.72019495477509,5.71977909521851,2.61346580489091,0
15.32,3,-2.71718177333278,5.71987108302678,2.67794512260583,0
15.34,3,-2.71340459918752,5.71927620982839,2.73595030325762,0
15.36,3,-2.70886113478251,5.71797741415252,2.78811883789601,0
15.38,3,-2.70355120942618,5.71596090029457,2.83502006594345,0
15.4,3,-2.69747652425027,5.71321588639216,2.87716254722786,0
15.42,3,-2.69064042509749,5.70973435181142,2.91500064304354,0
15.44,3,-2.68304770030925,5.7055107901742,2.94894038936267,0
15.46,3,-2.67470440071016,5.70054197228628,2.979344736978,0
15.48,3,-2.66561767937686,5.69482672168631,3.00653822576237,0
15.5,3,-2.65579564903972,5.68836570440022,3.03081115333754,0
15.52,3,-2.64524725519842,5.68116123365916,3.05242329220521,0
15.54,3,-2.63398216324025,5.67321708974685,3.07160720375721,0
15.56,3,-2.62201065803558,5.66453835472734,3.08857119250186,0
15.58,3,-2.6093435546506,5.65513126152135,3.10350193927077,0
15.6,3,-2.59599211896527,5.64500305661658,3.11656684806165,0
15.62,3,-2.58196799711582,5.63416187558718,3.12791613748347,0
15.64,3,-2.56728315279938,5.62261663054085,3.13768470446287,0
15.66,3,-2.55194981158254,5.6103769085945,3.14599378490701,0
15.68,3,-2.53598041144947,5.59745288048804,3.15295243336495,0
15.7,3,-2.51938755890843,5.58385521847404,3.15865884135622,0
15.72,3,-2.5021839900497,5.56959502266091,3.16320151191282,0
15.74,3,-2.48438253601433,5.55468375503496,3.16666030598455,0
15.76,3,-2.46599609239201,5.53913318043847,3.1691073746631,0
15.78,3,-2.44703759211871,5.52295531383416,3.17060798966779,0
15.8,3,-2.42751998149207,5.5061623732397,3.17122128318539,0
15.82,3,-2.40745619896378,5.48876673776773,3.17100090695133,0
15.84,3,-2.38685915640556,5.47078091025626,3.16999561938463,0
15.86,3,-2.3657417225785,5.45221748402121,3.16824980862999,0
15.88,3,-2.34411670856509,5.43308911330678,3.16580395850497,0
15.9,3,-2.32199685494924,5.41340848704966,3.16269506358828,0
15.92,3,-2.29939482055345,5.39318830561088,3.15895699900483,0
15.94,3,-2.27632317256281,5.37244126016317,3.15462084985766,0
15.96,3,-2.25279437788426,5.3511800144533,3.14971520471656,0
15.98,3,-2.22882079560604,5.3294171886872,3.14426641709208,0
16,3,-2.20441467043699,5.30716534531181,3.13829883839444,0
16.02,3,-2.17958812701853,5.28443697649062,3.13183502549498,0
16.04,3,-2.15435316501383,5.26124449309153,3.124895925667,0
16.06,3,-2.12872165488908,5.23760021502428,3.11750104137956,0
16.08,3,-2.10270533431112,5.21351636278207,3.10966857714753,0
16.1,3,-2.07631580509377,5.18900505005724,3.10141557040027,0
16.12,3,-2.04956453063296,5.16407827731504,3.092758008117,0
16.14,3,-2.02246283377668,5.13874792622141,3.08371093078551,0
16.16,3,-1.99502189508236,5.11302575483217,3.07428852507106,0
16.18,3,-1.96725275141885,5.08692339346096,3.06450420643033,0
16.2,3,-1.93916629487523,5.0604523411519,3.05437069277039,0
16.22,3,-1.91077327194261,5.03362396269114,3.04390007013241,0
16.24,3,-1.88208428293869,5.00644948609843,3.03310385127251,0
16.26,3,-1.85310978164842,4.97894000054633,3.02199302791693,0
16.28,3,-1.8238600751567,4.95110645466015,3.01057811738347,0
16.3,3,-1.79434532385185,4.92295965515699,2.9988692041857,0
16.32,3,-1.76457554158076,4.8945102657865,2.98687597716866,0
16.34,3,-1.73456059593883,4.86576880654036,2.97460776266521,0
16.36,3,-1.70431020867962,4.8367456531007,2.96207355410807,0
16.38,3,-1.67383395623057,4.80745103650116,2.94928203848559,0
16.4,3,-1.64314127030299,4.77789504297702,2.93624161998643,0
16.42,3,-1.61224143858535,4.74808761398335,2.92296044114063,0
16.44,3,-1.58114360551054,4.71803854636257,2.90944640173102,0
16.46,3,-1.54985677308836,4.68775749264461,2.89570717571893,0
16.48,3,-1.51838980179576,4.65725396146488,2.88175022640118,0
16.5,3,-1.48675141151795,4.62653731808662,2.86758281999209,0
16.52,3,-1.45495018253436,4.59561678501598,2.85321203780243,0
16.54,3,-1.42299455654398,4.56450144269904,2.83864478716901,0
16.56,3,-1.39089283772527,4.53320023029154,2.82388781127137,0
16.58,3,-1.35865319382633,4.50172194649274,2.80894769795715,0
16.6,3,-1.32628365728134,4.47007525043597,2.79383088768466,0
16.62,3,-1.29379212635008,4.43826866262925,2.77854368067898,0
16.64,3,-1.26118636627712,4.40631056593974,2.7630922433875,0
16.66,3,-1.2284740104681,4.37420920661698,2.74748261431144,0
16.68,3,-1.1956625616806,4.34197269534991,2.73172070928147,0
16.7,3,-1.16275939322743,4.30960900835354,2.71581232623803,0
16.72,3,-1.12977175019016,4.27712598848138,2.69976314957035,0
16.74,3,-1.0967067506414,4.24453134636026,2.68357875406239,0
16.76,3,-1.06357138687393,4.21183266154446,2.66726460848832,0
16.78,3,-1.03037252663559,4.1790373836865,2.65082607889579,0
16.8,3,-0.997116914368247,4.14615283372204,2.63426843161098,0
16.82,3,-0.963811172450077,4.11318620506674,2.61759683599544,0
16.84,3,-0.930461802439829,4.08014456482325,2.60081636698188,0
16.86,3,-0.897075186322307,4.04703485499633,2.58393200741272,0
16.88,3,-0.863657587754172,4.01386389371477,2.56694865020268,0
16.9,3,-0.830215153309301,3.98063837645855,2.54987110034457,0
16.92,3,-0.796753913723041,3.94736487729006,2.532704076775,0
16.94,3,-0.763279785134741,3.91404985008817,2.51545221411514,0
16.96,3,-0.729798570327992,3.8806996297842,2.49812006429992,0
16.98,3,-0.696315959968089,3.84732043359879,2.48071209810754,0
17,3,-0.662837533836247,3.81391836227897,2.46323270659994,0
17.02,3,-0.629368762060175,3.78049940133451,2.44568620248369,0
17.04,3,-0.595915006340617,3.74706942227311,2.42807682139955,0
17.06,3,-0.562481521173533,3.71363418383354,2.41040872314842,0
17.08,3,-0.529073455067617,3.68019933321648,2.3926859928601,0
17.1,3,-0.495695851756825,3.6467704073123,2.37491264211089,0
17.12,3,-0.462353651407782,3.6133528339256,2.35709260999529,0
17.14,3,-0.42905169182164,3.5799519329958,2.33922976415643,0
17.16,3,-0.395794709630367,3.54657291781374,2.32132790177945,0
17.18,3,-0.362587341487155,3.51322089623368,2.30339075055149,0
17.2,3,-0.32943412525081,3.47990087188058,2.28542196959158,0
17.22,3,-0.296339501163961,3.44661774535228,2.2674251503534,0
17.24,3,-0.263307813024934,3.41337631541643,2.24940381750347,0
17.26,3,-0.230343309353124,3.38018128020178,2.23136142977706,0
17.28,3,-0.19745014454783,3.34703723838388,2.21330138081399,0
17.3,3,-0.164632380040341,3.31394869036472,2.19522699997594,0
17.32,3,-0.13189398543917,3.2809200394463,2.1771415531471,0
17.34,3,-0.0992388396684361,3.24795559299797,2.1590482435195,0
17.36,3,-0.0666707320991923,3.21505956361731,2.14095021236423,0
17.38,3,-0.0341933636736841,3.18223607028455,2.12285053978986,0
17.4,3,-0.00181034802243725,3.14948913951025,2.1047522454889,0
17.42,3,0.0304747874259238,3.11682270647618,2.08665828947325,0
17.44,3,0.0626586003420749,3.08424061616949,2.06857157279947,0
17.46,3,0.0947377324008699,3.0517466245097,2.05049493828453,0
17.48,3,0.12670890819355,3.0193443994688,2.0324311712126,0
17.5,3,0.158568934147456,2.98703752218405,2.01438300003362,0
17.52,3,0.190314697453257,2.95482948806378,1.99635309705386,0
17.54,3,0.221943164999729,2.92272370788567,1.9783440791192,0
17.56,3,0.253451382316143,2.89072350888791,1.96035850829124,0
17.58,3,0.284836472522276,2.85883213585281,1.94239889251676,0
17.6,3,0.316095635286126,2.82705275218302,1.92446768629077,0
17.62,3,0.347226145789243,2.79538844097025,1.90656729131334,0
17.64,3,0.378225353699899,2.76384220605646,1.88870005714061,0
17.66,3,0.409090682153919,2.73241697308739,1.87086828182994,0
17.68,3,0.439819626743328,2.70111559055861,1.85307421257968,0
17.7,3,0.470409754512776,2.66994083085376,1.83532004636343,0
17.72,3,0.500858702963783,2.63889539127521,1.81760793055907,0
17.74,3,0.531164179066797,2.60798189506699,1.79993996357276,0
17.76,3,0.561323958281123,2.57720289242991,1.78231819545777,0
17.78,3,0.591335883582654,2.54656086152904,1.76474462852856,0
17.8,3,0.621197864499489,2.51605820949333,1.74722121796983,0
17.82,3,0.650907876155449,2.48569727340742,1.72974987244095,0
17.84,3,0.680463958321416,2.4554803212957,1.71233245467562,0
17.86,3,0.709864214474582,2.42540955309847,1.69497078207684,0
17.88,3,0.739106810865567,2.39548710164033,1.67766662730734,0
17.9,3,0.768189975593429,2.36571503359068,1.6604217188754,0
17.92,3,0.79711199768857,2.33609535041633,1.64323774171614,0
17.94,3,0.825871226203463,2.30662998932639,1.62611633776837,0
17.96,3,0.854466069311348,2.2773208242091,1.60905910654684,0
17.98,3,0.882894993412729,2.24816966656093,1.59206760571019,0
18,3,0.911156522249772,2.21917826640774,1.57514335162436,0
18.02,3,0.939249236028553,2.19034831321815,1.55828781992166,0
18.04,3,0.967171770549164,2.16168143680891,1.5415024460554,0
18.06,3,0.994922816343655,2.13317920824257,1.52478862585016,0
18.08,3,1.02250111782181,2.10484314071713,1.50814771604771,0
18.1,3,1.04990547242477,2.07667469044796,1.49158103484849,0
18.12,3,1.07713472978639,2.04867525754182,1.47508986244889,0
18.14,3,1.10418779090249,2.02084618686302,1.45867544157403,0
18.16,3,1.13106360730778,1.99318876889182,1.44233897800632,0
18.18,3,1.15776118026065,1.96570424057495,1.42608164110964,0
18.2,3,1.18427955993561,1.93839378616836,1.40990456434921,0
18.22,3,1.21061784462352,1.91125853807215,1.3938088458072,0
18.24,3,1.23677517993952,1.88429957765778,1.37779554869392,0
18.26,3,1.2627507580386,1.85751793608744,1.36186570185484,0
18.28,3,1.28854381683887,1.83091459512573,1.34602030027324,0
18.3,3,1.31415363925254,1.80449048794363,1.33026030556857,0
18.32,3,1.33957955242436,1.77824649991466,1.31458664649058,0
18.34,3,1.36482092697784,1.75218346940348,1.29900021940912,0
18.36,3,1.38987717626892,1.72630218854673,1.28350188879971,0
18.38,3,1.41474775564722,1.70060340402625,1.2680924877248,0
18.4,3,1.43943216172485,1.67508781783467,1.25277281831086,0
18.42,3,1.4639299316527,1.64975608803342,1.23754365222108,0
18.44,3,1.48824064240414,1.62460882950312,1.22240573112401,0
18.46,3,1.51236391006625,1.59964661468643,1.20735976715779,0
18.48,3,1.53629938913843,1.57486997432338,1.19240644339029,0
18.5,3,1.56004677183838,1.55027939817917,1.17754641427493,0
18.52,3,1.5836057874154,1.52587533576456,1.16278030610236,0
18.54,3,1.60697620147115,1.50165819704869,1.14810871744792,0
18.56,3,1.63015781528751,1.47762835316459,1.13353221961488,0
18.58,3,1.65315046516186,1.45378613710726,1.11905135707356,0
18.6,3,1.6759540217495,1.43013184442432,1.10466664789621,0
18.62,3,1.69856838941331,1.40666573389948,1.09037858418778,0
18.64,3,1.72099350558051,1.38338802822852,1.07618763251253,0
18.66,3,1.74322934010663,1.36029891468816,1.06209423431648,0
18.68,3,1.76527589464654,1.33739854579757,1.04809880634579,0
18.7,3,1.78713320203247,1.31468703997275,1.03420174106093,0
18.72,3,1.80880132565916,1.29216448217372,1.02040340704686,0
18.74,3,1.83028035887595,1.26983092454452,1.00670414941904,0
18.76,3,1.8515704243858,1.24768638704619,0.993104290225413,0
18.78,3,1.87267167365123,1.22573085808261,0.979604128844302,0
18.8,3,1.89358428630715,1.20396429511929,0.966203942378269,0
18.82,3,1.91430846958057,1.18238662529527,0.952903986043943,0
18.84,3,1.93484445771698,1.1609977460279,0.939704493557827,0
18.86,3,1.95519251141365,1.13979752561082,0.926605677518108,0
18.88,3,1.97535291725955,1.11878580380499,0.913607729782477,0
18.9,3,1.99532598718194,1.09796239242286,0.900710821841976,0
18.92,3,2.01511205789973,1.07732707590574,0.887915105190889,0
18.94,3,2.03471149038328,1.05687961189441,0.875220711692717,0
18.96,3,2.05412466932089,1.03661973179296,0.862627753942191,0
18.98,3,2.07335200259174,1.01654714132592,0.850136325623418,0
19,3,2.09239392074534,0.996661521088783,0.837746501864119,0
19.02,3,2.11125087648746,0.976962527091844,0.82545833958601,0
19.04,3,2.12992334417237,0.957449791297495,0.813271877851321,0
19.06,3,2.14841181930151,0.938122922150965,0.801187138205492,0
19.08,3,2.16671681802845,0.918981505104563,0.789204125016053,0
19.1,3,2.18483887667018,0.900025103135443,0.777322825807692,0
19.12,3,2.20277855122451,0.881253257256994,0.765543211593585,0
19.14,3,2.2205364168938,0.862665487023791,0.753865237202921,0
19.16,3,2.23811306761473,0.844261291030251,0.742288841604728,0
19.18,3,2.25550911559427,0.826040147402985,0.730813948227958,0
19.2,3,2.27272519085161,0.808001514286889,0.719440465277887,0
19.22,3,2.28976194076621,0.790144830325027,0.708168286048832,0
19.24,3,2.30662002963174,0.772469515132356,0.696997289233209,0
19.26,3,2.32330013821604,0.754974969763296,0.685927339226955,0
19.28,3,2.33980296332687,0.737660577173266,0.674958286431348,0
19.3,3,2.35612921738359,0.720525702674119,0.664089967551203,0
19.32,3,2.37227962799461,0.703569694383628,0.653322205889523,0
19.34,3,2.38825493754059,0.686791883668997,0.64265481163858,0
19.36,3,2.40405590276334,0.670191585584457,0.632087582167476,0
19.38,3,2.41968329436047,0.65376809930301,0.621620302306186,0
19.4,3,2.43513789658556,0.637520708542337,0.611252744626121,0
19.42,3,2.45042050685399,0.621448681984919,0.600984669717213,0
19.44,3,2.46553193535426,0.605551273692459,0.590815826461582,0
19.46,3,2.48047300466483,0.589827723514553,0.580745952303753,0
19.48,3,2.49524454937641,0.574277257491763,0.57077477351749,0
19.5,3,2.50984741571966,0.558899088253061,0.560902005469253,0
19.52,3,2.52428246119819,0.543692415407717,0.551127352878298,0
19.54,3,2.53855055422699,0.528656425931673,0.541450510073448,0
19.56,3,2.55265257377601,0.513790294548442,0.531871161246556,0
19.58,3,2.56658940901908,0.499093184104586,0.522388980702683,0
19.6,3,2.58036195898792,0.484564245939788,0.513003633107006,0
19.62,3,2.59397113223134,0.470202620251633,0.50371477372851,0
19.64,3,2.6074178464795,0.45600743645503,0.494522048680434,0
19.66,3,2.6207030283133,0.441977813536438,0.485425095157544,0
19.68,3,2.63382761283867,0.428112860402851,0.476423541670233,0
19.7,3,2.64679254336588,0.41441167622564,0.467517008275473,0
19.72,3,2.65959877109377,0.40087335077927,0.458705106804646,0
19.74,3,2.67224725479883,0.387496964774946,0.449987441088274,0
19.76,3,2.68473896052916,0.374281590189214,0.441363607177676,0
19.78,3,2.69707486130311,0.361226290587615,0.432833193563576,0
19.8,3,2.70925593681278,0.348330121443352,0.424395781391678,0
19.82,3,2.72128317313215,0.335592130451092,0.416050944675233,0
19.84,3,2.73315756242991,0.323011357835902,0.40779825050464,0
19.86,3,2.74488010268681,0.310586836657381,0.399637259254073,0
19.88,3,2.75645179741772,0.298317593109019,0.391567524785189,0
19.9,3,2.76787365539804,0.286202646812851,0.383588594647916,0
19.92,3,2.77914669039476,0.274241011109407,0.375700010278358,0
19.94,3,2.79027192090185,0.262431693343067,0.367901307193851,0
19.96,3,2.80125036988006,0.250773695142783,0.360192015185157,0
19.98,3,2.8120830645011,0.239266012698287,0.352571658505864,0
20,3,2.82277103589609,0.227907637031777,0.345039756058988,0
