Product,Version,Release
Aerospace Blockset,23.2,(R2023b)
Aerospace Toolbox,23.2,(R2023b)
Antenna Toolbox,23.2,(R2023b)
Audio Toolbox,23.2,(R2023b)
Bioinformatics Toolbox,23.2,(R2023b)
Communications Toolbox,23.2,(R2023b)
Computer Vision Toolbox,23.2,(R2023b)
Control System Toolbox,23.2,(R2023b)
Curve Fitting Toolbox,23.2,(R2023b)
DSP System Toolbox,23.2,(R2023b)
Data Acquisition Toolbox,23.2,(R2023b)
Database Toolbox,23.2,(R2023b)
Datafeed Toolbox,23.2,(R2023b)
Deep Learning Toolbox,23.2,(R2023b)
Econometrics Toolbox,23.2,(R2023b)
Financial Instruments Toolbox,23.2,(R2023b)
Financial Toolbox,23.2,(R2023b)
Fixed-Point Designer,23.2,(R2023b)
Fuzzy Logic Toolbox,23.2,(R2023b)
Global Optimization Toolbox,23.2,(R2023b)
Image Acquisition Toolbox,23.2,(R2023b)
Image Processing Toolbox,23.2,(R2023b)
Instrument Control Toolbox,23.2,(R2023b)
Lidar Toolbox,23.2,(R2023b)
MATLAB,23.2,(R2023b)
MATLAB Coder,23.2,(R2023b)
MATLAB Report Generator,23.2,(R2023b)
Mapping Toolbox,23.2,(R2023b)
Mixed-Signal Blockset,23.2,(R2023b)
Model Predictive Control Toolbox,23.2,(R2023b)
Motor Control Blockset,23.2,(R2023b)
Navigation Toolbox,23.2,(R2023b)
Optimization Toolbox,23.2,(R2023b)
Parallel Computing Toolbox,23.2,(R2023b)
Partial Differential Equation Toolbox,23.2,(R2023b)
Phased Array System Toolbox,23.2,(R2023b)
RF Blockset,23.2,(R2023b)
RF Toolbox,23.2,(R2023b)
ROS Toolbox,23.2,(R2023b)
Radar Toolbox,23.2,(R2023b)
Reinforcement Learning Toolbox,23.2,(R2023b)
Risk Management Toolbox,23.2,(R2023b)
Robotics System Toolbox,23.2,(R2023b)
Robust Control Toolbox,23.2,(R2023b)
Sensor Fusion and Tracking Toolbox,23.2,(R2023b)
Signal Processing Toolbox,23.2,(R2023b)
SimBiology,23.2,(R2023b)
SimEvents,23.2,(R2023b)
Simscape,23.2,(R2023b)
Simscape Driveline,23.2,(R2023b)
Simscape Electrical,23.2,(R2023b)
Simscape Fluids,23.2,(R2023b)
Simscape Multibody,23.2,(R2023b)
Simulink,23.2,(R2023b)
Simulink 3D Animation,23.2,(R2023b)
Simulink Coder,23.2,(R2023b)
Simulink Control Design,23.2,(R2023b)
Simulink Design Optimization,23.2,(R2023b)
Simulink Desktop Real-Time,23.2,(R2023b)
Simulink Report Generator,23.2,(R2023b)
Spreadsheet Link,23.2,(R2023b)
Stateflow,23.2,(R2023b)
Statistics and Machine Learning Toolbox,23.2,(R2023b)
Symbolic Math Toolbox,23.2,(R2023b)
System Composer,23.2,(R2023b)
System Identification Toolbox,23.2,(R2023b)
Text Analytics Toolbox,23.2,(R2023b)
UAV Toolbox,23.2,(R2023b)
Wavelet Toolbox,23.2,(R2023b)
